./Datasets/MSRA-TD500/train/IMG_0063.gt,0,0,830,594,242,72,0.097976
./Datasets/MSRA-TD500/train/IMG_0064.gt,0,0,614,574,262,41,-0.303571
./Datasets/MSRA-TD500/train/IMG_0064.gt,1,0,675,542,625,98,-0.292443
./Datasets/MSRA-TD500/train/IMG_0064.gt,2,0,712,645,609,51,-0.293994
./Datasets/MSRA-TD500/train/IMG_0081.gt,0,0,713,516,153,164,-0.100333
./Datasets/MSRA-TD500/train/IMG_0081.gt,1,0,642,758,353,79,-0.082167
./Datasets/MSRA-TD500/train/IMG_0081.gt,2,0,674,838,313,66,-0.072242
./Datasets/MSRA-TD500/train/IMG_0155.gt,0,0,283,251,528,140,-0.181725
./Datasets/MSRA-TD500/train/IMG_0155.gt,1,0,575,446,426,40,-0.168750
./Datasets/MSRA-TD500/train/IMG_0183.gt,0,0,231,258,642,93,-0.197396
./Datasets/MSRA-TD500/train/IMG_0452.gt,0,0,779,1000,49,18,0.302885
./Datasets/MSRA-TD500/train/IMG_0452.gt,1,0,757,310,184,30,-0.387078
./Datasets/MSRA-TD500/train/IMG_0452.gt,2,0,767,374,49,19,-0.367173
./Datasets/MSRA-TD500/train/IMG_0452.gt,3,0,759,402,131,34,-0.308418
./Datasets/MSRA-TD500/train/IMG_0452.gt,4,0,764,447,101,22,-0.288430
./Datasets/MSRA-TD500/train/IMG_0452.gt,5,0,762,479,176,36,-0.220593
./Datasets/MSRA-TD500/train/IMG_0452.gt,6,0,764,531,100,27,-0.242447
./Datasets/MSRA-TD500/train/IMG_0452.gt,7,0,759,568,187,35,-0.133283
./Datasets/MSRA-TD500/train/IMG_0452.gt,8,0,760,617,99,24,-0.140375
./Datasets/MSRA-TD500/train/IMG_0452.gt,9,0,759,685,168,36,-0.048155
./Datasets/MSRA-TD500/train/IMG_0452.gt,10,0,758,730,94,23,-0.010869
./Datasets/MSRA-TD500/train/IMG_0452.gt,11,0,755,769,102,38,0.039979
./Datasets/MSRA-TD500/train/IMG_0452.gt,12,0,754,813,93,25,0.065125
./Datasets/MSRA-TD500/train/IMG_0452.gt,13,0,803,860,50,29,0.151016
./Datasets/MSRA-TD500/train/IMG_0452.gt,14,0,801,897,74,21,0.153708
./Datasets/MSRA-TD500/train/IMG_0455.gt,0,0,758,633,148,92,0.133945
./Datasets/MSRA-TD500/train/IMG_0455.gt,1,0,747,731,172,39,0.308053
./Datasets/MSRA-TD500/train/IMG_0456.gt,0,0,872,514,248,63,-0.340465
./Datasets/MSRA-TD500/train/IMG_0456.gt,1,0,783,617,346,49,-0.301424
./Datasets/MSRA-TD500/train/IMG_0457.gt,0,0,676,427,132,44,0.210510
./Datasets/MSRA-TD500/train/IMG_0457.gt,1,0,626,483,224,33,0.199201
./Datasets/MSRA-TD500/train/IMG_0457.gt,2,0,682,568,145,47,0.102580
./Datasets/MSRA-TD500/train/IMG_0457.gt,3,0,832,747,118,55,-0.017542
./Datasets/MSRA-TD500/train/IMG_0457.gt,4,0,835,807,123,35,-0.054990
./Datasets/MSRA-TD500/train/IMG_0463.gt,0,0,1110,558,184,53,-0.189557
./Datasets/MSRA-TD500/train/IMG_0463.gt,1,0,1038,631,259,41,-0.169101
./Datasets/MSRA-TD500/train/IMG_0463.gt,2,1,750,638,136,46,-0.163808
./Datasets/MSRA-TD500/train/IMG_0463.gt,3,1,747,693,196,36,-0.154669
./Datasets/MSRA-TD500/train/IMG_0463.gt,4,0,118,755,555,62,0.296115
./Datasets/MSRA-TD500/train/IMG_0463.gt,5,0,323,873,181,46,0.269733
./Datasets/MSRA-TD500/train/IMG_0463.gt,6,0,552,904,15,17,0.278300
./Datasets/MSRA-TD500/train/IMG_0463.gt,7,0,606,933,125,20,0.234898
./Datasets/MSRA-TD500/train/IMG_0463.gt,8,0,603,971,142,14,0.227857
./Datasets/MSRA-TD500/train/IMG_0463.gt,9,0,598,995,123,14,0.226799
./Datasets/MSRA-TD500/train/IMG_0463.gt,10,0,597,1022,114,15,0.169528
./Datasets/MSRA-TD500/train/IMG_0463.gt,11,0,658,1053,79,15,0.176235
./Datasets/MSRA-TD500/train/IMG_0463.gt,12,0,603,1062,49,15,0.165149
./Datasets/MSRA-TD500/train/IMG_0463.gt,13,0,583,1110,76,25,0.107690
./Datasets/MSRA-TD500/train/IMG_0463.gt,14,0,581,1151,115,22,0.087495
./Datasets/MSRA-TD500/train/IMG_0463.gt,15,0,577,1180,95,21,0.085810
./Datasets/MSRA-TD500/train/IMG_0463.gt,16,0,574,1210,150,21,0.055499
./Datasets/MSRA-TD500/train/IMG_0463.gt,17,0,581,1239,45,21,0.068076
./Datasets/MSRA-TD500/train/IMG_0472.gt,0,0,615,556,372,59,-0.749840
./Datasets/MSRA-TD500/train/IMG_0472.gt,1,0,877,398,39,458,0.776024
./Datasets/MSRA-TD500/train/IMG_0472.gt,2,0,910,462,43,433,0.754312
./Datasets/MSRA-TD500/train/IMG_0472.gt,3,0,1048,706,221,86,-0.052085
./Datasets/MSRA-TD500/train/IMG_0476.gt,0,0,739,553,163,30,0.157910
./Datasets/MSRA-TD500/train/IMG_0476.gt,1,0,925,577,115,29,0.169778
./Datasets/MSRA-TD500/train/IMG_0476.gt,2,0,743,606,300,16,0.138098
./Datasets/MSRA-TD500/train/IMG_0476.gt,3,1,665,671,201,15,0.105666
./Datasets/MSRA-TD500/train/IMG_0476.gt,4,0,865,715,184,13,0.087687
./Datasets/MSRA-TD500/train/IMG_0479.gt,0,0,211,482,225,31,-0.033641
./Datasets/MSRA-TD500/train/IMG_0479.gt,1,0,395,645,49,18,0.073041
./Datasets/MSRA-TD500/train/IMG_0479.gt,2,0,502,643,66,17,0.031240
./Datasets/MSRA-TD500/train/IMG_0479.gt,3,0,782,609,167,23,0.018070
./Datasets/MSRA-TD500/train/IMG_0479.gt,4,0,1284,468,232,43,0.012986
./Datasets/MSRA-TD500/train/IMG_0479.gt,5,0,1297,545,254,27,-0.012244
./Datasets/MSRA-TD500/train/IMG_0479.gt,6,0,66,852,95,18,-0.022468
./Datasets/MSRA-TD500/train/IMG_0479.gt,7,0,200,842,139,22,-0.029621
./Datasets/MSRA-TD500/train/IMG_0479.gt,8,0,83,881,45,15,-0.024995
./Datasets/MSRA-TD500/train/IMG_0479.gt,9,0,231,876,59,21,-0.019605
./Datasets/MSRA-TD500/train/IMG_0479.gt,10,0,75,910,41,19,0.057081
./Datasets/MSRA-TD500/train/IMG_0479.gt,11,0,212,905,80,19,0.000000
./Datasets/MSRA-TD500/train/IMG_0479.gt,12,0,383,843,103,19,0.039979
./Datasets/MSRA-TD500/train/IMG_0479.gt,13,0,557,840,83,22,0.000000
./Datasets/MSRA-TD500/train/IMG_0479.gt,14,0,404,872,45,18,0.057081
./Datasets/MSRA-TD500/train/IMG_0479.gt,15,0,563,874,63,19,-0.017542
./Datasets/MSRA-TD500/train/IMG_0479.gt,16,0,401,901,41,19,0.099669
./Datasets/MSRA-TD500/train/IMG_0479.gt,17,0,546,900,86,20,0.024092
./Datasets/MSRA-TD500/train/IMG_0479.gt,18,0,714,844,104,19,0.000000
./Datasets/MSRA-TD500/train/IMG_0479.gt,19,0,881,844,106,21,0.028564
./Datasets/MSRA-TD500/train/IMG_0479.gt,20,0,741,872,45,18,0.000000
./Datasets/MSRA-TD500/train/IMG_0479.gt,21,0,907,875,59,20,0.017240
./Datasets/MSRA-TD500/train/IMG_0479.gt,22,0,741,900,44,19,0.024385
./Datasets/MSRA-TD500/train/IMG_0479.gt,23,0,891,901,87,18,0.034870
./Datasets/MSRA-TD500/train/IMG_0479.gt,24,0,1052,848,105,18,0.028838
./Datasets/MSRA-TD500/train/IMG_0479.gt,25,0,1085,876,46,17,0.049958
./Datasets/MSRA-TD500/train/IMG_0479.gt,26,0,1088,904,44,18,0.024385
./Datasets/MSRA-TD500/train/IMG_0479.gt,27,0,1213,847,116,21,0.009009
./Datasets/MSRA-TD500/train/IMG_0479.gt,28,0,1250,878,57,22,-0.018865
./Datasets/MSRA-TD500/train/IMG_0479.gt,29,0,1240,906,87,18,0.011904
./Datasets/MSRA-TD500/train/IMG_0479.gt,30,0,1389,850,109,19,-0.019045
./Datasets/MSRA-TD500/train/IMG_0479.gt,31,0,1553,844,111,23,-0.019415
./Datasets/MSRA-TD500/train/IMG_0479.gt,32,0,1429,878,46,20,0.051237
./Datasets/MSRA-TD500/train/IMG_0479.gt,33,0,1594,878,59,23,-0.099668
./Datasets/MSRA-TD500/train/IMG_0479.gt,34,0,1435,909,46,17,0.023252
./Datasets/MSRA-TD500/train/IMG_0479.gt,35,0,1588,905,86,22,0.000000
./Datasets/MSRA-TD500/train/IMG_0481.gt,0,0,735,1080,731,39,0.002755
./Datasets/MSRA-TD500/train/IMG_0481.gt,1,0,722,1161,246,37,-0.012930
./Datasets/MSRA-TD500/train/IMG_0486.gt,0,0,404,675,215,35,-0.189411
./Datasets/MSRA-TD500/train/IMG_0486.gt,1,0,1223,588,358,47,-0.112285
./Datasets/MSRA-TD500/train/IMG_0489.gt,0,0,95,696,1086,46,0.011131
./Datasets/MSRA-TD500/train/IMG_0489.gt,1,0,70,775,1026,43,0.014821
./Datasets/MSRA-TD500/train/IMG_0489.gt,2,0,1266,709,425,40,0.002381
./Datasets/MSRA-TD500/train/IMG_0489.gt,3,0,1361,788,268,32,0.011494
./Datasets/MSRA-TD500/train/IMG_0495.gt,0,0,228,428,996,34,0.385183
./Datasets/MSRA-TD500/train/IMG_0495.gt,1,0,1086,703,393,35,0.404221
./Datasets/MSRA-TD500/train/IMG_0495.gt,2,0,184,517,1076,29,0.401828
./Datasets/MSRA-TD500/train/IMG_0495.gt,3,0,1120,781,260,28,0.425669
./Datasets/MSRA-TD500/train/IMG_0495.gt,4,0,896,981,492,108,0.487762
./Datasets/MSRA-TD500/train/IMG_0496.gt,0,0,139,271,1389,494,-0.059522
./Datasets/MSRA-TD500/train/IMG_0496.gt,1,0,200,730,1170,283,0.010480
./Datasets/MSRA-TD500/train/IMG_0497.gt,0,0,667,286,451,123,-0.478521
./Datasets/MSRA-TD500/train/IMG_0497.gt,1,0,607,1004,38,28,0.244979
./Datasets/MSRA-TD500/train/IMG_0497.gt,2,0,727,1023,198,27,0.035699
./Datasets/MSRA-TD500/train/IMG_0497.gt,3,0,721,1057,203,38,0.050718
./Datasets/MSRA-TD500/train/IMG_0497.gt,4,0,672,1105,220,28,0.059291
./Datasets/MSRA-TD500/train/IMG_0504.gt,0,0,918,475,12,17,-0.076772
./Datasets/MSRA-TD500/train/IMG_0504.gt,1,0,550,429,819,92,0.014669
./Datasets/MSRA-TD500/train/IMG_0504.gt,2,0,482,699,970,52,-0.088884
./Datasets/MSRA-TD500/train/IMG_0504.gt,3,0,481,747,1029,76,-0.134426
./Datasets/MSRA-TD500/train/IMG_0504.gt,4,0,486,861,596,65,-0.135909
./Datasets/MSRA-TD500/train/IMG_0504.gt,5,0,1082,801,261,54,-0.149100
./Datasets/MSRA-TD500/train/IMG_0504.gt,6,0,487,1045,736,70,-0.209023
./Datasets/MSRA-TD500/train/IMG_0511.gt,0,0,641,561,328,71,-0.209307
./Datasets/MSRA-TD500/train/IMG_0514.gt,0,0,691,251,319,130,-0.432638
./Datasets/MSRA-TD500/train/IMG_0514.gt,1,0,676,384,427,98,-0.496423
./Datasets/MSRA-TD500/train/IMG_0514.gt,2,0,720,569,453,55,-0.524179
./Datasets/MSRA-TD500/train/IMG_0514.gt,3,0,681,665,521,58,-0.553681
./Datasets/MSRA-TD500/train/IMG_0514.gt,4,0,723,794,313,49,-0.561716
./Datasets/MSRA-TD500/train/IMG_0514.gt,5,0,937,862,156,27,-0.604306
./Datasets/MSRA-TD500/train/IMG_0514.gt,6,0,834,906,376,31,-0.627198
./Datasets/MSRA-TD500/train/IMG_0514.gt,7,0,933,943,214,30,-0.648332
./Datasets/MSRA-TD500/train/IMG_0514.gt,8,0,816,984,456,34,-0.661436
./Datasets/MSRA-TD500/train/IMG_0515.gt,0,0,635,444,353,191,-0.104271
./Datasets/MSRA-TD500/train/IMG_0515.gt,1,0,647,760,365,181,-0.248573
./Datasets/MSRA-TD500/train/IMG_0518.gt,0,1,117,911,151,21,-0.697391
./Datasets/MSRA-TD500/train/IMG_0518.gt,1,0,401,535,769,43,-0.019580
./Datasets/MSRA-TD500/train/IMG_0518.gt,2,0,577,592,374,48,-0.005376
./Datasets/MSRA-TD500/train/IMG_0518.gt,3,0,418,760,1012,49,0.007976
./Datasets/MSRA-TD500/train/IMG_0518.gt,4,0,406,828,1007,59,0.016095
./Datasets/MSRA-TD500/train/IMG_0518.gt,5,0,401,911,1084,52,0.031529
./Datasets/MSRA-TD500/train/IMG_0518.gt,6,0,387,982,215,46,0.037366
./Datasets/MSRA-TD500/train/IMG_0518.gt,7,0,375,1063,1148,59,0.045823
./Datasets/MSRA-TD500/train/IMG_0518.gt,8,0,363,1147,1114,59,0.057210
./Datasets/MSRA-TD500/train/IMG_0523.gt,0,0,1416,701,111,67,-0.120624
./Datasets/MSRA-TD500/train/IMG_0523.gt,1,0,1177,381,131,48,-0.154496
./Datasets/MSRA-TD500/train/IMG_0523.gt,2,0,1062,518,399,79,0.038149
./Datasets/MSRA-TD500/train/IMG_0523.gt,3,0,152,430,239,35,0.046186
./Datasets/MSRA-TD500/train/IMG_0523.gt,4,0,456,443,554,44,0.030956
./Datasets/MSRA-TD500/train/IMG_0523.gt,5,0,391,503,387,45,0.028490
./Datasets/MSRA-TD500/train/IMG_0531.gt,0,0,1158,292,107,38,-0.244978
./Datasets/MSRA-TD500/train/IMG_0531.gt,1,0,1132,358,171,33,-0.215358
./Datasets/MSRA-TD500/train/IMG_0531.gt,2,0,1182,448,148,40,-0.165149
./Datasets/MSRA-TD500/train/IMG_0541.gt,0,0,804,589,117,23,-0.345556
./Datasets/MSRA-TD500/train/IMG_0541.gt,1,0,782,618,152,14,-0.388318
./Datasets/MSRA-TD500/train/IMG_0541.gt,2,0,776,656,148,24,-0.356220
./Datasets/MSRA-TD500/train/IMG_0570.gt,0,0,265,584,535,93,-0.007490
./Datasets/MSRA-TD500/train/IMG_0570.gt,1,0,492,684,197,107,-0.020830
./Datasets/MSRA-TD500/train/IMG_0570.gt,2,0,1181,619,279,68,0.003650
./Datasets/MSRA-TD500/train/IMG_0570.gt,3,0,1235,708,178,89,-0.005649
./Datasets/MSRA-TD500/train/IMG_0571.gt,0,0,111,481,140,511,0.422454
./Datasets/MSRA-TD500/train/IMG_0571.gt,1,0,291,388,152,593,0.334811
./Datasets/MSRA-TD500/train/IMG_0571.gt,2,0,452,407,40,550,0.222082
./Datasets/MSRA-TD500/train/IMG_0571.gt,3,0,489,633,34,320,0.209973
./Datasets/MSRA-TD500/train/IMG_0571.gt,4,0,978,376,476,77,0.031735
./Datasets/MSRA-TD500/train/IMG_0571.gt,5,0,986,462,675,95,0.019198
./Datasets/MSRA-TD500/train/IMG_0571.gt,6,0,999,565,679,29,0.013333
./Datasets/MSRA-TD500/train/IMG_0571.gt,7,0,1003,604,362,27,0.025276
./Datasets/MSRA-TD500/train/IMG_0571.gt,8,1,2,1006,405,9,0.007557
./Datasets/MSRA-TD500/train/IMG_0571.gt,9,1,2,1027,396,12,0.012658
./Datasets/MSRA-TD500/train/IMG_0571.gt,10,1,2,1123,385,10,-0.031403
./Datasets/MSRA-TD500/train/IMG_0571.gt,11,1,1,1143,394,11,-0.025440
./Datasets/MSRA-TD500/train/IMG_0571.gt,12,1,43,1154,393,8,-0.015344
./Datasets/MSRA-TD500/train/IMG_0571.gt,13,1,66,1165,385,10,-0.031321
./Datasets/MSRA-TD500/train/IMG_0571.gt,14,1,82,1180,376,8,-0.031989
./Datasets/MSRA-TD500/train/IMG_0571.gt,15,1,92,1195,372,11,-0.024254
./Datasets/MSRA-TD500/train/IMG_0571.gt,16,1,961,1112,399,11,-0.040179
./Datasets/MSRA-TD500/train/IMG_0571.gt,17,1,1018,1138,331,9,0.045423
./Datasets/MSRA-TD500/train/IMG_0571.gt,18,1,1263,1118,103,7,0.000000
./Datasets/MSRA-TD500/train/IMG_0577.gt,0,0,806,473,215,72,0.355773
./Datasets/MSRA-TD500/train/IMG_0577.gt,1,0,670,558,451,63,0.360389
./Datasets/MSRA-TD500/train/IMG_0577.gt,2,0,799,737,259,78,0.283460
./Datasets/MSRA-TD500/train/IMG_0594.gt,0,0,689,440,521,107,0.099669
./Datasets/MSRA-TD500/train/IMG_0594.gt,1,0,685,593,972,104,0.082969
./Datasets/MSRA-TD500/train/IMG_0595.gt,0,0,580,39,188,329,0.007042
./Datasets/MSRA-TD500/train/IMG_0595.gt,1,0,665,224,207,82,-0.145850
./Datasets/MSRA-TD500/train/IMG_0595.gt,2,0,647,312,245,45,-0.187640
./Datasets/MSRA-TD500/train/IMG_0595.gt,3,0,426,398,617,96,-0.120872
./Datasets/MSRA-TD500/train/IMG_0595.gt,4,0,422,508,614,73,-0.093784
./Datasets/MSRA-TD500/train/IMG_0595.gt,5,0,509,643,106,84,-0.029991
./Datasets/MSRA-TD500/train/IMG_0595.gt,6,0,503,785,110,85,0.018347
./Datasets/MSRA-TD500/train/IMG_0595.gt,7,0,496,924,117,91,0.114541
./Datasets/MSRA-TD500/train/IMG_0595.gt,8,0,492,1071,124,92,0.117109
./Datasets/MSRA-TD500/train/IMG_0595.gt,9,0,695,611,239,118,-0.043263
./Datasets/MSRA-TD500/train/IMG_0595.gt,10,0,699,769,233,126,-0.008000
./Datasets/MSRA-TD500/train/IMG_0595.gt,11,0,694,928,245,127,0.050804
./Datasets/MSRA-TD500/train/IMG_0595.gt,12,0,687,1089,261,125,0.115664
./Datasets/MSRA-TD500/train/IMG_0596.gt,0,0,491,163,223,979,-0.015336
./Datasets/MSRA-TD500/train/IMG_0596.gt,1,0,769,106,235,1050,-0.036209
./Datasets/MSRA-TD500/train/IMG_0597.gt,0,0,181,737,1304,158,0.042218
./Datasets/MSRA-TD500/train/IMG_0597.gt,1,1,1167,1072,35,40,0.000000
./Datasets/MSRA-TD500/train/IMG_0597.gt,2,0,1218,1074,114,21,0.035383
./Datasets/MSRA-TD500/train/IMG_0597.gt,3,0,1216,1098,114,22,0.063551
./Datasets/MSRA-TD500/train/IMG_0597.gt,4,0,1211,1138,65,16,0.079199
./Datasets/MSRA-TD500/train/IMG_0597.gt,5,1,1167,1164,142,11,0.042528
./Datasets/MSRA-TD500/train/IMG_0597.gt,6,1,1162,1190,85,77,0.035699
./Datasets/MSRA-TD500/train/IMG_0597.gt,7,1,1315,1186,11,45,-0.068076
./Datasets/MSRA-TD500/train/IMG_0601.gt,0,0,625,48,270,395,0.085319
./Datasets/MSRA-TD500/train/IMG_0601.gt,1,0,907,205,342,62,0.345794
./Datasets/MSRA-TD500/train/IMG_0601.gt,2,0,907,308,427,67,0.344219
./Datasets/MSRA-TD500/train/IMG_0601.gt,3,0,923,403,356,49,0.309590
./Datasets/MSRA-TD500/train/IMG_0601.gt,4,0,929,476,445,51,0.292589
./Datasets/MSRA-TD500/train/IMG_0601.gt,5,0,594,563,470,118,0.199993
./Datasets/MSRA-TD500/train/IMG_0601.gt,6,0,616,1060,376,113,0.042755
./Datasets/MSRA-TD500/train/IMG_0601.gt,7,0,615,932,609,97,0.116510
./Datasets/MSRA-TD500/train/IMG_0601.gt,8,0,1193,1097,273,89,0.026409
./Datasets/MSRA-TD500/train/IMG_0601.gt,9,0,613,803,640,97,0.170513
./Datasets/MSRA-TD500/train/IMG_0603.gt,0,0,739,668,238,69,0.025635
./Datasets/MSRA-TD500/train/IMG_0605.gt,0,0,563,125,241,164,0.220249
./Datasets/MSRA-TD500/train/IMG_0605.gt,1,0,444,339,477,75,0.226304
./Datasets/MSRA-TD500/train/IMG_0605.gt,2,0,509,433,357,37,0.193398
./Datasets/MSRA-TD500/train/IMG_0605.gt,3,0,436,490,498,39,0.195789
./Datasets/MSRA-TD500/train/IMG_0605.gt,4,0,430,544,490,38,0.170244
./Datasets/MSRA-TD500/train/IMG_0605.gt,5,0,429,595,459,38,0.154319
./Datasets/MSRA-TD500/train/IMG_0605.gt,6,0,425,658,530,41,0.135186
./Datasets/MSRA-TD500/train/IMG_0605.gt,7,0,410,724,543,54,0.130585
./Datasets/MSRA-TD500/train/IMG_0605.gt,8,0,397,796,587,56,0.088807
./Datasets/MSRA-TD500/train/IMG_0605.gt,9,0,366,912,643,44,0.081680
./Datasets/MSRA-TD500/train/IMG_0605.gt,10,0,363,972,657,45,0.048742
./Datasets/MSRA-TD500/train/IMG_0605.gt,11,0,462,1049,488,44,0.048080
./Datasets/MSRA-TD500/train/IMG_0608.gt,0,0,672,545,487,96,-0.111128
./Datasets/MSRA-TD500/train/IMG_0611.gt,0,0,871,564,264,70,-0.011494
./Datasets/MSRA-TD500/train/IMG_0611.gt,1,0,875,692,253,73,0.000000
./Datasets/MSRA-TD500/train/IMG_0613.gt,0,1,1577,1063,81,50,-0.234415
./Datasets/MSRA-TD500/train/IMG_0613.gt,1,0,807,450,41,95,-0.158655
./Datasets/MSRA-TD500/train/IMG_0613.gt,2,0,888,313,443,105,-0.262288
./Datasets/MSRA-TD500/train/IMG_0613.gt,3,0,900,459,421,54,-0.238546
./Datasets/MSRA-TD500/train/IMG_0620.gt,0,0,308,751,207,144,0.014562
./Datasets/MSRA-TD500/train/IMG_0620.gt,1,0,793,762,244,60,0.004184
./Datasets/MSRA-TD500/train/IMG_0620.gt,2,0,1096,763,243,56,0.012499
./Datasets/MSRA-TD500/train/IMG_0620.gt,3,0,797,847,434,40,0.009238
./Datasets/MSRA-TD500/train/IMG_0621.gt,0,0,486,160,802,84,0.141359
./Datasets/MSRA-TD500/train/IMG_0621.gt,1,0,288,262,1114,91,0.077189
./Datasets/MSRA-TD500/train/IMG_0621.gt,2,0,602,414,66,312,-0.040112
./Datasets/MSRA-TD500/train/IMG_0621.gt,3,0,746,415,424,79,0.043139
./Datasets/MSRA-TD500/train/IMG_0621.gt,4,0,747,536,428,76,0.009546
./Datasets/MSRA-TD500/train/IMG_0621.gt,5,0,751,647,425,77,-0.023862
./Datasets/MSRA-TD500/train/IMG_0621.gt,6,0,366,785,1016,118,-0.053204
./Datasets/MSRA-TD500/train/IMG_0621.gt,7,0,541,977,832,100,-0.150335
./Datasets/MSRA-TD500/train/IMG_0621.gt,8,0,784,1088,367,34,-0.137628
./Datasets/MSRA-TD500/train/IMG_0621.gt,9,0,780,1158,167,38,-0.167254
./Datasets/MSRA-TD500/train/IMG_0621.gt,10,0,1001,1127,150,35,-0.178631
./Datasets/MSRA-TD500/train/IMG_0621.gt,11,0,783,1212,367,31,-0.197931
./Datasets/MSRA-TD500/train/IMG_0626.gt,0,1,261,552,43,28,0.205396
./Datasets/MSRA-TD500/train/IMG_0626.gt,1,1,1095,1,88,18,0.011494
./Datasets/MSRA-TD500/train/IMG_0626.gt,2,0,325,375,1192,349,0.264523
./Datasets/MSRA-TD500/train/IMG_0628.gt,0,0,209,603,116,46,-0.107690
./Datasets/MSRA-TD500/train/IMG_0628.gt,1,0,319,289,1151,235,-0.240892
./Datasets/MSRA-TD500/train/IMG_0628.gt,2,0,335,513,1111,84,-0.112864
./Datasets/MSRA-TD500/train/IMG_0628.gt,3,0,724,1087,625,69,0.178697
./Datasets/MSRA-TD500/train/IMG_0628.gt,4,0,233,719,197,70,-0.010416
./Datasets/MSRA-TD500/train/IMG_0628.gt,5,0,475,711,286,90,0.046729
./Datasets/MSRA-TD500/train/IMG_0628.gt,6,0,855,715,512,123,-0.013806
./Datasets/MSRA-TD500/train/IMG_0628.gt,7,0,864,850,501,131,0.087157
./Datasets/MSRA-TD500/train/IMG_0628.gt,8,0,471,828,295,98,0.069094
./Datasets/MSRA-TD500/train/IMG_0628.gt,9,0,234,808,200,78,0.072040
./Datasets/MSRA-TD500/train/IMG_0633.gt,0,0,1164,625,500,63,-0.083991
./Datasets/MSRA-TD500/train/IMG_0633.gt,1,0,1162,699,491,25,-0.080075
./Datasets/MSRA-TD500/train/IMG_0633.gt,2,1,184,1200,166,23,0.036793
./Datasets/MSRA-TD500/train/IMG_0633.gt,3,1,413,1226,106,41,0.049959
./Datasets/MSRA-TD500/train/IMG_0633.gt,4,0,201,723,557,74,-0.066929
./Datasets/MSRA-TD500/train/IMG_0649.gt,0,0,837,200,400,93,-0.417660
./Datasets/MSRA-TD500/train/IMG_0649.gt,1,0,846,315,375,55,-0.405632
./Datasets/MSRA-TD500/train/IMG_0649.gt,2,0,856,407,347,67,-0.387692
./Datasets/MSRA-TD500/train/IMG_0649.gt,3,0,453,592,381,90,-0.367385
./Datasets/MSRA-TD500/train/IMG_0649.gt,4,0,460,708,350,53,-0.340796
./Datasets/MSRA-TD500/train/IMG_0649.gt,5,0,486,793,265,63,-0.331928
./Datasets/MSRA-TD500/train/IMG_0652.gt,0,0,444,736,1106,178,0.259930
./Datasets/MSRA-TD500/train/IMG_0652.gt,1,0,480,933,1056,64,0.209958
./Datasets/MSRA-TD500/train/IMG_0653.gt,0,0,266,658,897,90,-0.035819
./Datasets/MSRA-TD500/train/IMG_0655.gt,0,0,897,390,491,207,-0.091953
./Datasets/MSRA-TD500/train/IMG_0655.gt,1,0,664,630,741,125,-0.177425
./Datasets/MSRA-TD500/train/IMG_0655.gt,2,1,1338,117,14,16,-0.211093
./Datasets/MSRA-TD500/train/IMG_0655.gt,3,1,1447,185,44,20,-0.051237
./Datasets/MSRA-TD500/train/IMG_0655.gt,4,1,1662,167,61,20,-0.016665
./Datasets/MSRA-TD500/train/IMG_0655.gt,5,1,1664,197,63,21,-0.033321
./Datasets/MSRA-TD500/train/IMG_0655.gt,6,1,1666,227,60,22,-0.033885
./Datasets/MSRA-TD500/train/IMG_0660.gt,0,0,888,192,255,958,0.167727
./Datasets/MSRA-TD500/train/IMG_0660.gt,1,1,1380,546,27,715,-0.285463
./Datasets/MSRA-TD500/train/IMG_0664.gt,0,1,688,918,33,28,0.096474
./Datasets/MSRA-TD500/train/IMG_0664.gt,1,1,1124,1225,41,15,0.026310
./Datasets/MSRA-TD500/train/IMG_0664.gt,2,0,935,491,467,113,0.329050
./Datasets/MSRA-TD500/train/IMG_0664.gt,3,0,744,629,218,67,-0.374841
./Datasets/MSRA-TD500/train/IMG_0664.gt,4,0,776,708,137,28,-0.301951
./Datasets/MSRA-TD500/train/IMG_0664.gt,5,0,957,626,21,29,-0.086738
./Datasets/MSRA-TD500/train/IMG_0664.gt,6,0,738,711,16,18,-0.132551
./Datasets/MSRA-TD500/train/IMG_0664.gt,7,1,1696,821,30,17,0.205395
./Datasets/MSRA-TD500/train/IMG_0665.gt,0,1,1559,1193,50,15,-0.061148
./Datasets/MSRA-TD500/train/IMG_0665.gt,1,1,1641,1196,54,13,-0.038442
./Datasets/MSRA-TD500/train/IMG_0665.gt,2,0,1199,1073,142,55,0.014492
./Datasets/MSRA-TD500/train/IMG_0665.gt,3,0,698,470,23,39,0.000000
./Datasets/MSRA-TD500/train/IMG_0665.gt,4,0,749,453,195,43,0.056640
./Datasets/MSRA-TD500/train/IMG_0665.gt,5,0,747,509,192,23,0.042080
./Datasets/MSRA-TD500/train/IMG_0669.gt,0,0,1121,94,33,458,-0.026252
./Datasets/MSRA-TD500/train/IMG_0669.gt,1,0,1177,81,135,467,-0.034844
./Datasets/MSRA-TD500/train/IMG_0669.gt,2,0,1011,633,333,33,-0.048447
./Datasets/MSRA-TD500/train/IMG_0669.gt,3,0,1013,673,322,18,-0.046840
./Datasets/MSRA-TD500/train/IMG_0669.gt,4,0,1011,721,302,38,-0.039978
./Datasets/MSRA-TD500/train/IMG_0669.gt,5,0,1010,761,349,19,-0.046478
./Datasets/MSRA-TD500/train/IMG_0669.gt,6,0,1013,818,187,36,-0.037820
./Datasets/MSRA-TD500/train/IMG_0669.gt,7,0,1011,857,199,18,-0.040382
./Datasets/MSRA-TD500/train/IMG_0669.gt,8,0,1013,915,136,35,-0.007463
./Datasets/MSRA-TD500/train/IMG_0669.gt,9,0,1008,952,135,19,-0.030998
./Datasets/MSRA-TD500/train/IMG_0669.gt,10,0,1012,1012,180,38,-0.022984
./Datasets/MSRA-TD500/train/IMG_0669.gt,11,0,1008,1052,179,19,-0.017645
./Datasets/MSRA-TD500/train/IMG_0669.gt,12,0,1012,1115,222,36,-0.018097
./Datasets/MSRA-TD500/train/IMG_0669.gt,13,0,1010,1154,164,20,-0.012269
./Datasets/MSRA-TD500/train/IMG_0687.gt,0,0,399,955,195,30,-0.407868
./Datasets/MSRA-TD500/train/IMG_0687.gt,1,0,392,999,196,30,-0.414305
./Datasets/MSRA-TD500/train/IMG_0690.gt,0,0,830,915,325,127,0.006349
./Datasets/MSRA-TD500/train/IMG_0690.gt,1,0,1047,389,412,116,-0.076382
./Datasets/MSRA-TD500/train/IMG_0690.gt,2,0,1052,514,281,58,-0.061964
./Datasets/MSRA-TD500/train/IMG_0692.gt,0,0,212,128,894,167,-0.092413
./Datasets/MSRA-TD500/train/IMG_0692.gt,1,0,175,1009,826,220,-0.003650
./Datasets/MSRA-TD500/train/IMG_0692.gt,2,0,988,1031,16,17,0.000000
./Datasets/MSRA-TD500/train/IMG_0692.gt,3,1,1031,636,39,43,-0.000000
./Datasets/MSRA-TD500/train/IMG_0692.gt,4,0,1034,464,49,168,0.036569
./Datasets/MSRA-TD500/train/IMG_0692.gt,5,0,208,484,811,158,-0.064305
./Datasets/MSRA-TD500/train/IMG_0692.gt,6,0,211,662,785,44,-0.061304
./Datasets/MSRA-TD500/train/IMG_0694.gt,0,0,783,729,738,155,-0.043392
./Datasets/MSRA-TD500/train/IMG_0694.gt,1,0,790,913,299,53,-0.064101
./Datasets/MSRA-TD500/train/IMG_0694.gt,2,0,1169,887,337,54,-0.029753
./Datasets/MSRA-TD500/train/IMG_0697.gt,0,0,863,470,36,123,0.289692
./Datasets/MSRA-TD500/train/IMG_0697.gt,1,0,887,241,601,93,-0.575043
./Datasets/MSRA-TD500/train/IMG_0697.gt,2,0,885,389,564,46,-0.533930
./Datasets/MSRA-TD500/train/IMG_0702.gt,0,1,1059,1172,25,24,-0.233743
./Datasets/MSRA-TD500/train/IMG_0702.gt,1,0,384,501,226,146,0.070971
./Datasets/MSRA-TD500/train/IMG_0702.gt,2,0,317,771,354,148,0.043201
./Datasets/MSRA-TD500/train/IMG_0702.gt,3,1,351,84,53,44,-0.058756
./Datasets/MSRA-TD500/train/IMG_0702.gt,4,1,0,0,344,67,-0.333888
./Datasets/MSRA-TD500/train/IMG_0704.gt,0,1,823,657,20,14,0.152649
./Datasets/MSRA-TD500/train/IMG_0704.gt,1,0,147,486,388,46,-0.033841
./Datasets/MSRA-TD500/train/IMG_0704.gt,2,0,148,539,382,19,-0.026379
./Datasets/MSRA-TD500/train/IMG_0704.gt,3,0,162,585,343,41,0.000000
./Datasets/MSRA-TD500/train/IMG_0704.gt,4,0,199,632,261,22,0.000000
./Datasets/MSRA-TD500/train/IMG_0704.gt,5,0,263,675,118,46,0.017092
./Datasets/MSRA-TD500/train/IMG_0704.gt,6,0,392,690,110,42,0.055499
./Datasets/MSRA-TD500/train/IMG_0704.gt,7,0,1119,90,431,36,-0.162073
./Datasets/MSRA-TD500/train/IMG_0704.gt,8,0,1122,141,331,26,-0.155184
./Datasets/MSRA-TD500/train/IMG_0704.gt,9,0,1069,343,472,58,-0.083855
./Datasets/MSRA-TD500/train/IMG_0704.gt,10,0,1066,404,367,34,-0.056121
./Datasets/MSRA-TD500/train/IMG_0704.gt,11,0,1070,540,478,53,-0.016876
./Datasets/MSRA-TD500/train/IMG_0704.gt,12,0,1068,602,458,32,-0.002207
./Datasets/MSRA-TD500/train/IMG_0704.gt,13,0,1062,721,170,36,0.017750
./Datasets/MSRA-TD500/train/IMG_0704.gt,14,0,1065,768,101,32,0.030603
./Datasets/MSRA-TD500/train/IMG_0704.gt,15,0,1352,743,188,36,0.005376
./Datasets/MSRA-TD500/train/IMG_0707.gt,0,0,457,112,919,122,0.245519
./Datasets/MSRA-TD500/train/IMG_0707.gt,1,0,354,203,1076,303,0.089636
./Datasets/MSRA-TD500/train/IMG_0707.gt,2,0,363,514,1054,131,0.024057
./Datasets/MSRA-TD500/train/IMG_0707.gt,3,0,396,735,1006,80,-0.019605
./Datasets/MSRA-TD500/train/IMG_0707.gt,4,0,417,867,972,140,-0.051210
./Datasets/MSRA-TD500/train/IMG_0707.gt,5,0,395,1040,1012,63,-0.141051
./Datasets/MSRA-TD500/train/IMG_0709.gt,0,1,1158,1260,134,31,-0.015036
./Datasets/MSRA-TD500/train/IMG_0709.gt,1,0,1290,77,81,523,-0.041073
./Datasets/MSRA-TD500/train/IMG_0709.gt,2,0,1276,617,106,27,-0.114877
./Datasets/MSRA-TD500/train/IMG_0709.gt,3,0,1277,652,128,23,-0.126308
./Datasets/MSRA-TD500/train/IMG_0709.gt,4,0,1296,834,104,40,-0.089758
./Datasets/MSRA-TD500/train/IMG_0709.gt,5,0,1317,915,73,185,-0.022468
./Datasets/MSRA-TD500/train/IMG_0709.gt,6,0,1305,1141,103,42,-0.059336
./Datasets/MSRA-TD500/train/IMG_0719.gt,0,0,515,195,376,134,0.105749
./Datasets/MSRA-TD500/train/IMG_0719.gt,1,0,3,521,94,30,0.075127
./Datasets/MSRA-TD500/train/IMG_0719.gt,2,0,464,541,477,216,-0.065171
./Datasets/MSRA-TD500/train/IMG_0723.gt,0,0,673,347,603,127,-0.092203
./Datasets/MSRA-TD500/train/IMG_0723.gt,1,0,703,480,547,51,-0.098378
./Datasets/MSRA-TD500/train/IMG_0723.gt,2,0,783,547,367,90,-0.085193
./Datasets/MSRA-TD500/train/IMG_0726.gt,0,0,830,559,315,67,0.019106
./Datasets/MSRA-TD500/train/IMG_0726.gt,1,0,1193,610,24,25,0.045423
./Datasets/MSRA-TD500/train/IMG_0726.gt,2,0,869,645,242,27,0.033321
./Datasets/MSRA-TD500/train/IMG_0728.gt,0,0,1410,861,68,192,-0.038025
./Datasets/MSRA-TD500/train/IMG_0728.gt,1,0,810,817,474,194,0.079739
./Datasets/MSRA-TD500/train/IMG_0728.gt,2,0,200,135,1303,678,-0.005908
./Datasets/MSRA-TD500/train/IMG_0730.gt,0,0,471,535,1216,267,-0.055590
./Datasets/MSRA-TD500/train/IMG_0730.gt,1,0,45,823,358,63,-0.019883
./Datasets/MSRA-TD500/train/IMG_0730.gt,2,0,180,703,77,69,-0.028161
./Datasets/MSRA-TD500/train/IMG_0730.gt,3,0,174,605,114,76,-0.055498
./Datasets/MSRA-TD500/train/IMG_0733.gt,0,0,948,471,303,96,0.023886
./Datasets/MSRA-TD500/train/IMG_0733.gt,1,0,1348,521,54,193,-0.068675
./Datasets/MSRA-TD500/train/IMG_0733.gt,2,0,970,586,259,47,0.027771
./Datasets/MSRA-TD500/train/IMG_0733.gt,3,0,963,649,285,91,0.022137
./Datasets/MSRA-TD500/train/IMG_0738.gt,0,0,348,822,238,182,-0.161732
./Datasets/MSRA-TD500/train/IMG_0738.gt,1,0,321,938,1340,112,-0.194717
./Datasets/MSRA-TD500/train/IMG_0738.gt,2,0,539,661,1146,204,-0.254527
./Datasets/MSRA-TD500/train/IMG_0738.gt,3,0,893,122,73,148,0.058756
./Datasets/MSRA-TD500/train/IMG_0738.gt,4,0,721,173,170,84,-0.308052
./Datasets/MSRA-TD500/train/IMG_0738.gt,5,0,729,280,133,31,-0.321750
./Datasets/MSRA-TD500/train/IMG_0747.gt,0,0,1157,702,45,56,-0.092756
./Datasets/MSRA-TD500/train/IMG_0747.gt,1,0,455,619,557,160,-0.066568
./Datasets/MSRA-TD500/train/IMG_0747.gt,2,0,514,815,475,64,-0.071758
./Datasets/MSRA-TD500/train/IMG_0748.gt,0,0,890,343,496,91,-0.205742
./Datasets/MSRA-TD500/train/IMG_0748.gt,1,0,883,485,486,50,-0.199908
./Datasets/MSRA-TD500/train/IMG_0748.gt,2,0,1048,743,128,46,-0.180619
./Datasets/MSRA-TD500/train/IMG_0748.gt,3,0,866,914,450,50,-0.162562
./Datasets/MSRA-TD500/train/IMG_0748.gt,4,0,911,1004,347,69,-0.166609
./Datasets/MSRA-TD500/train/IMG_0748.gt,5,0,286,646,405,70,-0.181965
./Datasets/MSRA-TD500/train/IMG_0748.gt,6,0,315,738,326,32,-0.185543
./Datasets/MSRA-TD500/train/IMG_0748.gt,7,0,397,768,139,175,0.055499
./Datasets/MSRA-TD500/train/IMG_0748.gt,8,0,459,923,207,32,-0.184738
./Datasets/MSRA-TD500/train/IMG_0750.gt,0,0,597,715,810,215,0.032247
./Datasets/MSRA-TD500/train/IMG_0750.gt,1,0,628,943,775,63,0.011734
./Datasets/MSRA-TD500/train/IMG_0753.gt,0,0,301,617,935,192,-0.507775
./Datasets/MSRA-TD500/train/IMG_0758.gt,0,0,699,162,340,79,-0.074934
./Datasets/MSRA-TD500/train/IMG_0758.gt,1,0,757,263,218,69,-0.071991
./Datasets/MSRA-TD500/train/IMG_0758.gt,2,0,755,348,209,24,-0.063952
./Datasets/MSRA-TD500/train/IMG_0758.gt,3,0,940,530,62,51,-0.050803
./Datasets/MSRA-TD500/train/IMG_0758.gt,4,0,802,767,89,32,-0.022723
./Datasets/MSRA-TD500/train/IMG_0758.gt,5,0,917,764,90,30,-0.022468
./Datasets/MSRA-TD500/train/IMG_0758.gt,6,0,685,833,330,42,-0.033422
./Datasets/MSRA-TD500/train/IMG_0758.gt,7,0,686,887,328,42,-0.030571
./Datasets/MSRA-TD500/train/IMG_0758.gt,8,0,683,938,329,38,-0.034042
./Datasets/MSRA-TD500/train/IMG_0758.gt,9,0,681,983,57,36,0.000000
./Datasets/MSRA-TD500/train/IMG_0758.gt,10,0,906,985,102,29,-0.010309
./Datasets/MSRA-TD500/train/IMG_0759.gt,0,0,274,590,578,70,-0.008680
./Datasets/MSRA-TD500/train/IMG_0759.gt,1,0,268,685,592,73,-0.013651
./Datasets/MSRA-TD500/train/IMG_0759.gt,2,0,1265,587,257,73,-0.036718
./Datasets/MSRA-TD500/train/IMG_0759.gt,3,0,1285,669,314,71,-0.013745
./Datasets/MSRA-TD500/train/IMG_0764.gt,0,0,132,598,1358,199,0.083203
./Datasets/MSRA-TD500/train/IMG_0769.gt,0,0,723,112,407,92,0.049221
./Datasets/MSRA-TD500/train/IMG_0769.gt,1,0,1185,128,366,92,0.033321
./Datasets/MSRA-TD500/train/IMG_0769.gt,2,1,840,712,638,120,-0.012558
./Datasets/MSRA-TD500/train/IMG_0769.gt,3,0,1412,944,108,58,-0.050462
./Datasets/MSRA-TD500/train/IMG_0769.gt,4,0,312,33,205,50,0.045195
./Datasets/MSRA-TD500/train/IMG_0769.gt,5,0,302,82,203,34,0.039583
./Datasets/MSRA-TD500/train/IMG_0769.gt,6,0,614,388,789,119,0.029441
./Datasets/MSRA-TD500/train/IMG_0769.gt,7,0,1135,560,214,59,-0.009569
./Datasets/MSRA-TD500/train/IMG_0769.gt,8,0,229,1091,633,28,-0.028473
./Datasets/MSRA-TD500/train/IMG_0769.gt,9,0,896,1074,414,25,-0.039195
./Datasets/MSRA-TD500/train/IMG_0769.gt,10,0,231,1124,726,29,-0.026309
./Datasets/MSRA-TD500/train/IMG_0769.gt,11,0,229,1161,416,32,-0.024385
./Datasets/MSRA-TD500/train/IMG_0769.gt,12,0,229,1219,430,30,-0.032698
./Datasets/MSRA-TD500/train/IMG_0769.gt,13,1,545,966,45,20,-0.068076
./Datasets/MSRA-TD500/train/IMG_0769.gt,14,1,542,990,53,13,-0.057628
./Datasets/MSRA-TD500/train/IMG_0784.gt,0,0,707,1153,639,19,0.133691
./Datasets/MSRA-TD500/train/IMG_0784.gt,1,0,1342,1189,20,15,0.062419
./Datasets/MSRA-TD500/train/IMG_0784.gt,2,1,2,764,74,18,0.029403
./Datasets/MSRA-TD500/train/IMG_0784.gt,3,0,349,564,81,32,-0.154600
./Datasets/MSRA-TD500/train/IMG_0784.gt,4,0,349,615,100,22,-0.128323
./Datasets/MSRA-TD500/train/IMG_0784.gt,5,0,328,650,119,19,-0.112565
./Datasets/MSRA-TD500/train/IMG_0784.gt,6,0,330,687,69,20,-0.090659
./Datasets/MSRA-TD500/train/IMG_0784.gt,7,0,910,815,221,47,-0.040886
./Datasets/MSRA-TD500/train/IMG_0784.gt,8,0,889,733,265,44,-0.053384
./Datasets/MSRA-TD500/train/IMG_0784.gt,9,0,927,653,174,40,-0.075877
./Datasets/MSRA-TD500/train/IMG_0784.gt,10,0,940,572,141,43,-0.101836
./Datasets/MSRA-TD500/train/IMG_0784.gt,11,0,943,493,133,42,-0.155753
./Datasets/MSRA-TD500/train/IMG_0784.gt,12,0,952,418,112,41,-0.168207
./Datasets/MSRA-TD500/train/IMG_0784.gt,13,0,856,325,309,47,-0.205259
./Datasets/MSRA-TD500/train/IMG_0784.gt,14,0,866,255,282,43,-0.251279
./Datasets/MSRA-TD500/train/IMG_0784.gt,15,0,909,181,182,40,-0.252011
./Datasets/MSRA-TD500/train/IMG_0784.gt,16,0,822,108,371,39,-0.313055
./Datasets/MSRA-TD500/train/IMG_0787.gt,0,0,397,627,655,103,-0.007752
./Datasets/MSRA-TD500/train/IMG_0791.gt,0,0,1274,1037,237,100,0.055029
./Datasets/MSRA-TD500/train/IMG_0791.gt,1,0,1280,1139,236,40,0.038941
./Datasets/MSRA-TD500/train/IMG_0791.gt,2,0,1508,1044,15,17,-0.197395
./Datasets/MSRA-TD500/train/IMG_0791.gt,3,0,330,551,61,409,0.031852
./Datasets/MSRA-TD500/train/IMG_0791.gt,4,0,780,220,260,63,0.090660
./Datasets/MSRA-TD500/train/IMG_0791.gt,5,0,480,253,49,230,0.782302
./Datasets/MSRA-TD500/train/IMG_0792.gt,0,1,1659,272,68,134,-0.019045
./Datasets/MSRA-TD500/train/IMG_0792.gt,1,0,424,391,1153,231,0.017527
./Datasets/MSRA-TD500/train/IMG_0792.gt,2,0,305,685,1328,142,-0.015185
./Datasets/MSRA-TD500/train/IMG_0794.gt,0,0,123,449,1485,425,-0.138074
./Datasets/MSRA-TD500/train/IMG_0809.gt,0,0,821,285,103,35,-0.058756
./Datasets/MSRA-TD500/train/IMG_0809.gt,1,0,978,277,99,35,-0.063074
./Datasets/MSRA-TD500/train/IMG_0809.gt,2,0,790,552,185,48,-0.077621
./Datasets/MSRA-TD500/train/IMG_0809.gt,3,0,792,666,328,48,-0.079830
./Datasets/MSRA-TD500/train/IMG_0809.gt,4,0,732,892,427,108,-0.125249
./Datasets/MSRA-TD500/train/IMG_0809.gt,5,0,736,1031,417,47,-0.111190
./Datasets/MSRA-TD500/train/IMG_0809.gt,6,0,793,605,310,51,-0.068969
./Datasets/MSRA-TD500/train/IMG_0810.gt,0,0,911,318,366,90,0.473158
./Datasets/MSRA-TD500/train/IMG_0810.gt,1,0,921,431,346,46,0.443103
./Datasets/MSRA-TD500/train/IMG_0810.gt,2,0,569,482,243,46,0.355164
./Datasets/MSRA-TD500/train/IMG_0812.gt,0,1,438,1021,59,24,-0.404892
./Datasets/MSRA-TD500/train/IMG_0812.gt,1,1,443,1049,50,13,-0.348771
./Datasets/MSRA-TD500/train/IMG_0812.gt,2,1,1076,1168,42,23,-0.130827
./Datasets/MSRA-TD500/train/IMG_0812.gt,3,1,61,968,41,12,-0.024995
./Datasets/MSRA-TD500/train/IMG_0812.gt,4,1,730,1145,149,61,-0.184324
./Datasets/MSRA-TD500/train/IMG_0812.gt,5,0,831,1212,34,35,-0.090659
./Datasets/MSRA-TD500/train/IMG_0812.gt,6,0,591,422,199,37,0.270947
./Datasets/MSRA-TD500/train/IMG_0812.gt,7,0,601,456,90,21,0.227690
./Datasets/MSRA-TD500/train/IMG_0812.gt,8,0,603,529,126,43,0.186979
./Datasets/MSRA-TD500/train/IMG_0812.gt,9,0,604,582,185,24,0.199618
./Datasets/MSRA-TD500/train/IMG_0812.gt,10,0,609,652,132,45,0.148890
./Datasets/MSRA-TD500/train/IMG_0812.gt,11,0,613,705,113,26,0.117636
./Datasets/MSRA-TD500/train/IMG_0812.gt,12,0,1309,774,82,31,0.167432
./Datasets/MSRA-TD500/train/IMG_0812.gt,13,1,1317,812,53,16,0.220829
./Datasets/MSRA-TD500/train/IMG_0812.gt,14,0,967,521,94,30,0.262995
./Datasets/MSRA-TD500/train/IMG_0812.gt,15,0,974,561,113,22,0.244979
./Datasets/MSRA-TD500/train/IMG_0814.gt,0,0,410,461,78,48,0.000000
./Datasets/MSRA-TD500/train/IMG_0814.gt,1,0,464,550,69,335,-0.042399
./Datasets/MSRA-TD500/train/IMG_0814.gt,2,0,378,554,77,347,-0.052583
./Datasets/MSRA-TD500/train/IMG_0814.gt,3,1,402,915,154,9,-0.150176
./Datasets/MSRA-TD500/train/IMG_0814.gt,4,1,399,925,146,9,-0.151605
./Datasets/MSRA-TD500/train/IMG_0814.gt,5,1,404,950,41,13,-0.173246
./Datasets/MSRA-TD500/train/IMG_0814.gt,6,1,469,942,21,12,-0.148890
./Datasets/MSRA-TD500/train/IMG_0815.gt,0,1,123,557,25,37,0.000000
./Datasets/MSRA-TD500/train/IMG_0815.gt,1,0,222,633,199,70,-0.005154
./Datasets/MSRA-TD500/train/IMG_0815.gt,2,0,584,511,713,258,0.054633
./Datasets/MSRA-TD500/train/IMG_0821.gt,0,0,495,1022,203,27,0.014850
./Datasets/MSRA-TD500/train/IMG_0821.gt,1,0,946,1176,77,23,0.013157
./Datasets/MSRA-TD500/train/IMG_0821.gt,2,0,1022,1168,73,29,-0.000000
./Datasets/MSRA-TD500/train/IMG_0821.gt,3,0,886,782,205,43,0.000000
./Datasets/MSRA-TD500/train/IMG_0821.gt,4,1,1028,1155,61,21,-0.033321
./Datasets/MSRA-TD500/train/IMG_0821.gt,5,0,1258,921,141,27,0.007194
./Datasets/MSRA-TD500/train/IMG_0821.gt,6,0,1257,949,132,36,-0.007692
./Datasets/MSRA-TD500/train/IMG_0821.gt,7,0,1265,540,165,84,-0.055499
./Datasets/MSRA-TD500/train/IMG_0821.gt,8,0,1436,572,132,42,-0.030525
./Datasets/MSRA-TD500/train/IMG_0821.gt,9,0,915,420,138,43,-0.007353
./Datasets/MSRA-TD500/train/IMG_0821.gt,10,0,827,338,309,69,0.000000
./Datasets/MSRA-TD500/train/IMG_0821.gt,11,0,1021,17,277,42,-0.011194
./Datasets/MSRA-TD500/train/IMG_0821.gt,12,0,1347,149,261,60,-0.000000
./Datasets/MSRA-TD500/train/IMG_0821.gt,13,0,1397,212,167,37,0.012195
./Datasets/MSRA-TD500/train/IMG_0821.gt,14,0,493,491,264,34,-0.003831
./Datasets/MSRA-TD500/train/IMG_0821.gt,15,0,590,537,62,18,-0.049958
./Datasets/MSRA-TD500/train/IMG_0821.gt,16,0,564,570,119,19,-0.008474
./Datasets/MSRA-TD500/train/IMG_0826.gt,0,1,703,1281,52,14,0.218669
./Datasets/MSRA-TD500/train/IMG_0826.gt,1,1,657,1283,33,12,0.362544
./Datasets/MSRA-TD500/train/IMG_0826.gt,2,1,609,1284,32,10,0.463648
./Datasets/MSRA-TD500/train/IMG_0826.gt,3,0,631,614,466,86,0.136230
./Datasets/MSRA-TD500/train/IMG_0826.gt,4,0,598,1062,449,40,0.278612
./Datasets/MSRA-TD500/train/IMG_0826.gt,5,0,650,1103,336,15,0.296308
./Datasets/MSRA-TD500/train/IMG_0826.gt,6,0,677,1128,274,65,0.347386
./Datasets/MSRA-TD500/train/IMG_0827.gt,0,0,374,589,793,74,-0.034381
./Datasets/MSRA-TD500/train/IMG_0827.gt,1,1,299,266,221,16,-0.018431
./Datasets/MSRA-TD500/train/IMG_0840.gt,0,0,501,454,818,164,-0.105138
./Datasets/MSRA-TD500/train/IMG_0842.gt,0,0,716,622,367,105,0.176809
./Datasets/MSRA-TD500/train/IMG_0842.gt,1,0,309,644,705,213,0.107690
./Datasets/MSRA-TD500/train/IMG_0842.gt,2,0,485,852,450,47,0.154172
./Datasets/MSRA-TD500/train/IMG_0842.gt,3,0,486,934,354,28,0.170735
./Datasets/MSRA-TD500/train/IMG_0842.gt,4,0,533,991,413,29,0.173966
./Datasets/MSRA-TD500/train/IMG_0842.gt,5,0,590,1048,454,32,0.196525
./Datasets/MSRA-TD500/train/IMG_0848.gt,0,0,78,590,1424,211,0.025311
./Datasets/MSRA-TD500/train/IMG_0849.gt,0,0,131,274,927,295,-0.086398
./Datasets/MSRA-TD500/train/IMG_0849.gt,1,0,1052,482,23,36,-0.000000
./Datasets/MSRA-TD500/train/IMG_0849.gt,2,0,351,724,412,173,0.029062
./Datasets/MSRA-TD500/train/IMG_0850.gt,0,0,556,544,107,114,0.018866
./Datasets/MSRA-TD500/train/IMG_0850.gt,1,0,250,726,841,156,0.059253
./Datasets/MSRA-TD500/train/IMG_0850.gt,2,0,222,930,901,49,0.050293
./Datasets/MSRA-TD500/train/IMG_0855.gt,0,0,319,637,864,212,0.036454
./Datasets/MSRA-TD500/train/IMG_0855.gt,1,0,808,666,318,69,0.031635
./Datasets/MSRA-TD500/train/IMG_0858.gt,0,0,835,404,820,268,0.482458
./Datasets/MSRA-TD500/train/IMG_0861.gt,0,0,535,567,777,136,0.072528
./Datasets/MSRA-TD500/train/IMG_0861.gt,1,0,1376,980,105,55,0.010000
./Datasets/MSRA-TD500/train/IMG_0864.gt,0,0,349,315,609,73,-0.164042
./Datasets/MSRA-TD500/train/IMG_0864.gt,1,0,348,415,373,64,-0.162054
./Datasets/MSRA-TD500/train/IMG_0864.gt,2,0,66,655,1608,148,-0.190012
./Datasets/MSRA-TD500/train/IMG_0865.gt,0,0,300,381,817,121,0.011029
./Datasets/MSRA-TD500/train/IMG_0865.gt,1,0,787,601,509,129,-0.005905
./Datasets/MSRA-TD500/train/IMG_0868.gt,0,0,632,937,276,85,0.029083
./Datasets/MSRA-TD500/train/IMG_0868.gt,1,0,380,137,659,192,-0.176441
./Datasets/MSRA-TD500/train/IMG_0870.gt,0,1,8,562,127,91,-0.303460
./Datasets/MSRA-TD500/train/IMG_0870.gt,1,1,306,954,154,53,-0.014083
./Datasets/MSRA-TD500/train/IMG_0870.gt,2,1,817,852,87,45,-0.071307
./Datasets/MSRA-TD500/train/IMG_0870.gt,3,1,828,907,62,15,0.000000
./Datasets/MSRA-TD500/train/IMG_0870.gt,4,1,839,927,37,18,-0.117109
./Datasets/MSRA-TD500/train/IMG_0870.gt,5,1,1640,498,16,22,-0.165149
./Datasets/MSRA-TD500/train/IMG_0870.gt,6,0,1026,427,609,173,0.042807
./Datasets/MSRA-TD500/train/IMG_0870.gt,7,1,278,329,126,23,-0.057787
./Datasets/MSRA-TD500/train/IMG_0870.gt,8,1,458,313,177,17,-0.110019
./Datasets/MSRA-TD500/train/IMG_0870.gt,9,1,1062,227,540,28,-0.098353
./Datasets/MSRA-TD500/train/IMG_0870.gt,10,0,259,498,383,104,-0.072260
./Datasets/MSRA-TD500/train/IMG_0884.gt,0,0,768,657,557,90,0.175652
./Datasets/MSRA-TD500/train/IMG_0884.gt,1,0,782,817,676,60,0.201560
./Datasets/MSRA-TD500/train/IMG_0885.gt,0,0,715,363,413,130,0.007281
./Datasets/MSRA-TD500/train/IMG_0885.gt,1,0,711,528,783,126,0.014138
./Datasets/MSRA-TD500/train/IMG_0890.gt,0,0,895,363,232,81,0.162926
./Datasets/MSRA-TD500/train/IMG_0890.gt,1,0,361,477,1205,87,0.171108
./Datasets/MSRA-TD500/train/IMG_0890.gt,2,0,380,589,1184,75,0.153040
./Datasets/MSRA-TD500/train/IMG_0892.gt,0,0,605,53,204,264,-0.004926
./Datasets/MSRA-TD500/train/IMG_0892.gt,1,0,693,229,224,92,-0.013761
./Datasets/MSRA-TD500/train/IMG_0892.gt,2,0,539,427,455,118,-0.017658
./Datasets/MSRA-TD500/train/IMG_0892.gt,3,0,543,668,436,78,-0.004619
./Datasets/MSRA-TD500/train/IMG_0892.gt,4,0,550,792,200,73,-0.010050
./Datasets/MSRA-TD500/train/IMG_0892.gt,5,0,547,915,357,73,-0.002809
./Datasets/MSRA-TD500/train/IMG_0893.gt,0,1,1127,1025,153,59,0.019734
./Datasets/MSRA-TD500/train/IMG_0893.gt,1,0,925,874,88,37,0.406747
./Datasets/MSRA-TD500/train/IMG_0893.gt,2,0,292,508,925,140,-0.025546
./Datasets/MSRA-TD500/train/IMG_0893.gt,3,1,678,1052,52,24,0.157769
./Datasets/MSRA-TD500/train/IMG_0899.gt,0,0,421,607,1236,422,0.182080
./Datasets/MSRA-TD500/train/IMG_0903.gt,0,0,578,530,203,70,-0.270947
./Datasets/MSRA-TD500/train/IMG_0903.gt,1,0,588,619,188,65,-0.230468
./Datasets/MSRA-TD500/train/IMG_0907.gt,0,0,800,314,777,341,-0.014340
./Datasets/MSRA-TD500/train/IMG_0910.gt,0,0,702,248,477,231,-0.021736
./Datasets/MSRA-TD500/train/IMG_0910.gt,1,0,675,468,648,383,-0.013909
./Datasets/MSRA-TD500/train/IMG_0910.gt,2,0,858,883,395,170,-0.026241
./Datasets/MSRA-TD500/train/IMG_0910.gt,3,0,614,1043,369,92,-0.035601
./Datasets/MSRA-TD500/train/IMG_0910.gt,4,0,604,1183,345,55,0.008721
./Datasets/MSRA-TD500/train/IMG_0916.gt,0,1,1527,767,65,18,-0.165149
./Datasets/MSRA-TD500/train/IMG_0916.gt,1,0,435,640,817,229,0.312833
./Datasets/MSRA-TD500/train/IMG_0916.gt,2,1,1621,1033,43,13,-0.179854
./Datasets/MSRA-TD500/train/IMG_0916.gt,3,1,1676,1025,51,16,-0.039978
./Datasets/MSRA-TD500/train/IMG_0918.gt,0,1,1619,1286,30,10,-0.034469
./Datasets/MSRA-TD500/train/IMG_0918.gt,1,0,990,350,619,153,0.049302
./Datasets/MSRA-TD500/train/IMG_1539.gt,0,0,1262,1012,230,42,0.000000
./Datasets/MSRA-TD500/train/IMG_1539.gt,1,0,409,425,720,114,-0.319553
./Datasets/MSRA-TD500/train/IMG_1539.gt,2,0,701,709,480,124,-0.379724
./Datasets/MSRA-TD500/train/IMG_1540.gt,0,0,682,637,663,146,-0.331700
./Datasets/MSRA-TD500/train/IMG_1540.gt,1,0,539,407,733,208,-0.172996
./Datasets/MSRA-TD500/train/IMG_1540.gt,2,0,1260,1010,232,42,-0.004329
./Datasets/MSRA-TD500/train/IMG_1544.gt,0,0,449,509,445,108,-0.223577
./Datasets/MSRA-TD500/train/IMG_1544.gt,1,0,524,629,348,62,-0.217404
./Datasets/MSRA-TD500/train/IMG_1545.gt,0,0,544,644,147,43,-0.334737
./Datasets/MSRA-TD500/train/IMG_1545.gt,1,0,558,686,167,40,-0.323892
./Datasets/MSRA-TD500/train/IMG_1545.gt,2,0,747,479,345,159,-0.312491
./Datasets/MSRA-TD500/train/IMG_1545.gt,3,0,1118,470,212,48,-0.327738
./Datasets/MSRA-TD500/train/IMG_1545.gt,4,1,365,577,109,217,-0.357134
./Datasets/MSRA-TD500/train/IMG_1549.gt,0,0,380,589,902,92,-0.173575
./Datasets/MSRA-TD500/train/IMG_1549.gt,1,1,1401,676,87,28,0.035280
./Datasets/MSRA-TD500/train/IMG_1550.gt,0,0,639,541,322,85,-0.286745
./Datasets/MSRA-TD500/train/IMG_1553.gt,0,0,412,427,637,325,-0.236337
./Datasets/MSRA-TD500/train/IMG_1558.gt,0,0,706,963,355,41,-0.073521
./Datasets/MSRA-TD500/train/IMG_1558.gt,1,0,137,205,1307,163,-0.138216
./Datasets/MSRA-TD500/train/IMG_1561.gt,0,0,649,487,339,47,-0.197989
./Datasets/MSRA-TD500/train/IMG_1561.gt,1,0,719,628,194,55,-0.117109
./Datasets/MSRA-TD500/train/IMG_1567.gt,0,0,671,295,252,40,-0.123861
./Datasets/MSRA-TD500/train/IMG_1567.gt,1,0,562,865,503,219,-0.115228
./Datasets/MSRA-TD500/train/IMG_1569.gt,0,0,243,794,194,55,-0.185997
./Datasets/MSRA-TD500/train/IMG_1569.gt,1,0,482,765,123,36,-0.172190
./Datasets/MSRA-TD500/train/IMG_1569.gt,2,0,441,774,23,17,-0.197396
./Datasets/MSRA-TD500/train/IMG_1569.gt,3,0,1173,619,180,50,-0.190831
./Datasets/MSRA-TD500/train/IMG_1569.gt,4,0,1363,595,16,22,-0.321751
./Datasets/MSRA-TD500/train/IMG_1569.gt,5,0,1398,589,118,37,-0.202541
./Datasets/MSRA-TD500/train/IMG_1570.gt,0,0,798,568,284,46,-0.224112
./Datasets/MSRA-TD500/train/IMG_1570.gt,1,0,836,620,236,51,-0.244978
./Datasets/MSRA-TD500/train/IMG_1570.gt,2,0,415,752,344,28,-0.228760
./Datasets/MSRA-TD500/train/IMG_1570.gt,3,1,539,779,269,15,-0.229595
./Datasets/MSRA-TD500/train/IMG_1571.gt,0,0,1059,1041,168,38,-0.236024
./Datasets/MSRA-TD500/train/IMG_1571.gt,1,0,868,890,668,58,-0.224209
./Datasets/MSRA-TD500/train/IMG_1571.gt,2,0,149,871,92,120,-0.124355
./Datasets/MSRA-TD500/train/IMG_1571.gt,3,0,326,800,604,53,-0.201947
./Datasets/MSRA-TD500/train/IMG_1571.gt,4,0,970,708,314,38,-0.213787
./Datasets/MSRA-TD500/train/IMG_1572.gt,0,0,349,291,479,84,-0.105539
./Datasets/MSRA-TD500/train/IMG_1572.gt,1,0,260,409,688,77,-0.112264
./Datasets/MSRA-TD500/train/IMG_1572.gt,2,0,436,737,477,63,-0.125142
./Datasets/MSRA-TD500/train/IMG_1572.gt,3,0,481,870,1053,70,-0.152649
./Datasets/MSRA-TD500/train/IMG_1572.gt,4,0,506,1038,207,54,-0.126767
./Datasets/MSRA-TD500/train/IMG_1582.gt,0,0,659,535,417,100,-0.169282
./Datasets/MSRA-TD500/train/IMG_1586.gt,0,0,578,541,526,99,-0.178978
./Datasets/MSRA-TD500/train/IMG_1586.gt,1,0,785,641,204,90,-0.197396
./Datasets/MSRA-TD500/train/IMG_1591.gt,0,0,447,83,379,96,-0.034469
./Datasets/MSRA-TD500/train/IMG_1591.gt,1,0,587,199,133,38,-0.060993
./Datasets/MSRA-TD500/train/IMG_1591.gt,2,0,627,266,74,32,-0.057081
./Datasets/MSRA-TD500/train/IMG_1591.gt,3,0,572,324,199,39,-0.070947
./Datasets/MSRA-TD500/train/IMG_1591.gt,4,0,522,399,310,29,-0.068520
./Datasets/MSRA-TD500/train/IMG_1591.gt,5,0,581,452,215,42,-0.093622
./Datasets/MSRA-TD500/train/IMG_1591.gt,6,0,605,532,186,36,-0.110051
./Datasets/MSRA-TD500/train/IMG_1591.gt,7,0,631,584,156,43,-0.122756
./Datasets/MSRA-TD500/train/IMG_1591.gt,8,0,649,667,133,32,-0.114007
./Datasets/MSRA-TD500/train/IMG_1591.gt,9,0,595,975,357,105,-0.119304
./Datasets/MSRA-TD500/train/IMG_1592.gt,0,0,397,447,606,116,-0.099834
./Datasets/MSRA-TD500/train/IMG_1592.gt,1,0,424,651,1009,88,-0.131221
./Datasets/MSRA-TD500/train/IMG_1595.gt,0,0,404,410,863,67,-0.100621
./Datasets/MSRA-TD500/train/IMG_1595.gt,1,0,404,559,955,109,-0.118762
./Datasets/MSRA-TD500/train/IMG_1595.gt,2,0,405,693,1028,136,-0.123026
./Datasets/MSRA-TD500/train/IMG_1596.gt,0,1,562,600,12,17,0.185348
./Datasets/MSRA-TD500/train/IMG_1596.gt,1,0,599,529,157,24,0.012986
./Datasets/MSRA-TD500/train/IMG_1596.gt,2,0,581,559,591,61,0.003460
./Datasets/MSRA-TD500/train/IMG_1596.gt,3,0,841,625,335,31,-0.008982
./Datasets/MSRA-TD500/train/IMG_1600.gt,0,1,1221,0,42,117,-0.703819
./Datasets/MSRA-TD500/train/IMG_1600.gt,1,0,626,639,337,118,-0.547562
./Datasets/MSRA-TD500/train/IMG_1600.gt,2,0,714,755,331,141,-0.555047
./Datasets/MSRA-TD500/train/IMG_1601.gt,0,0,138,821,48,19,-0.161375
./Datasets/MSRA-TD500/train/IMG_1601.gt,1,0,71,505,1249,273,-0.130221
./Datasets/MSRA-TD500/train/IMG_1601.gt,2,0,1358,814,197,37,-0.216219
./Datasets/MSRA-TD500/train/IMG_1601.gt,3,0,1163,894,366,57,-0.229421
./Datasets/MSRA-TD500/train/IMG_1614.gt,0,0,409,224,414,69,-0.207890
./Datasets/MSRA-TD500/train/IMG_1614.gt,1,0,1153,945,146,30,-0.243309
./Datasets/MSRA-TD500/train/IMG_1619.gt,0,0,678,517,262,64,-0.184596
./Datasets/MSRA-TD500/train/IMG_1625.gt,0,0,651,475,328,62,0.323685
./Datasets/MSRA-TD500/train/IMG_1625.gt,1,0,659,572,307,40,0.356860
./Datasets/MSRA-TD500/train/IMG_1629.gt,0,0,1017,804,404,223,0.041758
./Datasets/MSRA-TD500/train/IMG_1629.gt,1,0,243,775,675,88,0.049883
./Datasets/MSRA-TD500/train/IMG_1629.gt,2,0,209,919,702,56,0.061327
./Datasets/MSRA-TD500/train/IMG_1641.gt,0,0,401,460,294,60,-0.030918
./Datasets/MSRA-TD500/train/IMG_1641.gt,1,0,460,514,701,152,-0.061439
./Datasets/MSRA-TD500/train/IMG_1667.gt,0,0,923,603,655,63,0.357519
./Datasets/MSRA-TD500/train/IMG_1667.gt,1,0,884,680,499,82,0.365588
./Datasets/MSRA-TD500/train/IMG_1667.gt,2,0,839,801,624,80,0.372141
./Datasets/MSRA-TD500/train/IMG_1672.gt,0,0,1332,729,45,96,0.186058
./Datasets/MSRA-TD500/train/IMG_1672.gt,1,0,991,622,82,96,0.352990
./Datasets/MSRA-TD500/train/IMG_1672.gt,2,0,693,538,89,92,0.483949
./Datasets/MSRA-TD500/train/IMG_1672.gt,3,0,408,439,88,92,0.494726
./Datasets/MSRA-TD500/train/IMG_1672.gt,4,0,146,354,70,92,0.515549
./Datasets/MSRA-TD500/train/IMG_1673.gt,0,0,449,10,108,33,-0.342156
./Datasets/MSRA-TD500/train/IMG_1673.gt,1,0,492,151,109,35,-0.330548
./Datasets/MSRA-TD500/train/IMG_1673.gt,2,0,388,399,1073,76,-0.185692
./Datasets/MSRA-TD500/train/IMG_1673.gt,3,0,420,534,904,64,-0.134381
./Datasets/MSRA-TD500/train/IMG_1676.gt,0,0,736,491,250,62,0.033742
./Datasets/MSRA-TD500/train/IMG_1676.gt,1,0,678,970,674,85,0.147568
./Datasets/MSRA-TD500/train/IMG_1677.gt,0,0,430,503,752,175,0.552929
./Datasets/MSRA-TD500/train/IMG_1677.gt,1,0,1191,720,33,25,0.449760
./Datasets/MSRA-TD500/train/IMG_1683.gt,0,0,723,231,413,64,0.102083
./Datasets/MSRA-TD500/train/IMG_1683.gt,1,0,745,313,360,56,0.119429
./Datasets/MSRA-TD500/train/IMG_1683.gt,2,0,584,431,652,101,0.121909
./Datasets/MSRA-TD500/train/IMG_1685.gt,0,0,329,500,1039,165,0.149794
./Datasets/MSRA-TD500/train/IMG_1685.gt,1,0,560,683,541,99,0.090660
./Datasets/MSRA-TD500/train/IMG_1685.gt,2,0,669,855,591,89,0.144533
./Datasets/MSRA-TD500/train/IMG_1687.gt,0,0,1079,162,281,49,0.215470
./Datasets/MSRA-TD500/train/IMG_1687.gt,1,0,990,330,280,64,0.299839
./Datasets/MSRA-TD500/train/IMG_1688.gt,0,0,221,56,54,360,0.762628
./Datasets/MSRA-TD500/train/IMG_1688.gt,1,0,196,391,282,71,-0.726642
./Datasets/MSRA-TD500/train/IMG_1692.gt,0,0,891,37,92,903,-0.496423
./Datasets/MSRA-TD500/train/IMG_1692.gt,1,0,787,228,86,553,-0.471012
./Datasets/MSRA-TD500/train/IMG_1692.gt,2,0,696,228,57,644,-0.465754
./Datasets/MSRA-TD500/train/IMG_1692.gt,3,0,635,216,57,738,-0.438183
./Datasets/MSRA-TD500/train/IMG_1692.gt,4,0,560,263,55,695,-0.429156
./Datasets/MSRA-TD500/train/IMG_1705.gt,0,0,803,470,186,23,0.176902
./Datasets/MSRA-TD500/train/IMG_1705.gt,1,0,832,536,101,28,0.179853
./Datasets/MSRA-TD500/train/IMG_1709.gt,0,0,934,806,447,286,0.162889
./Datasets/MSRA-TD500/train/IMG_1712.gt,0,0,435,298,246,81,0.060532
./Datasets/MSRA-TD500/train/IMG_1712.gt,1,0,813,328,275,83,0.082211
./Datasets/MSRA-TD500/train/IMG_1714.gt,0,0,553,244,102,217,0.027020
./Datasets/MSRA-TD500/train/IMG_1714.gt,1,0,473,337,50,112,0.101689
./Datasets/MSRA-TD500/train/IMG_1714.gt,2,0,236,292,81,373,0.220948
./Datasets/MSRA-TD500/train/IMG_1719.gt,0,0,315,0,352,711,-0.745325
./Datasets/MSRA-TD500/train/IMG_1719.gt,1,0,236,498,533,611,0.067222
./Datasets/MSRA-TD500/train/IMG_1724.gt,0,0,541,567,659,122,0.144080
./Datasets/MSRA-TD500/train/IMG_1725.gt,0,0,429,414,640,193,0.201097
./Datasets/MSRA-TD500/train/IMG_1730.gt,0,0,17,473,46,257,0.342761
./Datasets/MSRA-TD500/train/IMG_1730.gt,1,0,103,780,1328,315,0.153624
./Datasets/MSRA-TD500/train/IMG_1736.gt,0,0,1071,725,96,164,0.337695
./Datasets/MSRA-TD500/train/IMG_1736.gt,1,0,788,374,101,474,0.194778
./Datasets/MSRA-TD500/train/IMG_1748.gt,0,0,848,286,221,274,0.137378
./Datasets/MSRA-TD500/train/IMG_1748.gt,1,0,768,607,334,114,0.132552
./Datasets/MSRA-TD500/train/IMG_1754.gt,0,0,332,455,1102,89,0.134832
./Datasets/MSRA-TD500/train/IMG_1754.gt,1,0,362,564,1048,62,0.139871
./Datasets/MSRA-TD500/train/IMG_1756.gt,0,0,666,0,84,1081,-0.496324
./Datasets/MSRA-TD500/train/IMG_1756.gt,1,0,608,27,49,1073,-0.497038
./Datasets/MSRA-TD500/train/IMG_1758.gt,0,0,588,301,523,178,-0.136477
./Datasets/MSRA-TD500/train/IMG_1760.gt,0,0,373,418,893,138,0.507783
./Datasets/MSRA-TD500/train/IMG_1761.gt,0,0,0,468,1640,429,0.283898
./Datasets/MSRA-TD500/train/IMG_1768.gt,0,0,1120,263,191,371,-0.151828
./Datasets/MSRA-TD500/train/IMG_1768.gt,1,0,300,369,167,377,-0.382743
./Datasets/MSRA-TD500/train/IMG_1770.gt,0,0,72,600,1482,182,0.118215
./Datasets/MSRA-TD500/train/IMG_1771.gt,0,0,492,481,1025,218,0.199567
./Datasets/MSRA-TD500/train/IMG_1778.gt,0,0,806,232,545,172,0.182977
./Datasets/MSRA-TD500/train/IMG_1778.gt,1,0,686,404,654,226,0.139494
./Datasets/MSRA-TD500/train/IMG_1778.gt,2,0,680,621,684,216,0.144072
./Datasets/MSRA-TD500/train/IMG_1783.gt,0,0,1341,118,106,823,-0.378441
./Datasets/MSRA-TD500/train/IMG_1786.gt,0,1,493,147,959,205,0.294356
./Datasets/MSRA-TD500/train/IMG_1786.gt,1,0,435,427,919,145,0.258709
./Datasets/MSRA-TD500/train/IMG_1786.gt,2,0,1214,715,268,76,0.244979
./Datasets/MSRA-TD500/train/IMG_1797.gt,0,0,147,155,1433,500,-0.046121
./Datasets/MSRA-TD500/train/IMG_1797.gt,1,0,316,673,906,429,-0.046478
./Datasets/MSRA-TD500/train/IMG_1799.gt,0,0,280,487,1325,354,-0.051392
./Datasets/MSRA-TD500/train/IMG_1805.gt,0,1,1577,873,23,52,-0.090660
./Datasets/MSRA-TD500/train/IMG_1805.gt,1,1,789,680,27,46,-0.145310
./Datasets/MSRA-TD500/train/IMG_1805.gt,2,0,11,102,1600,358,-0.082042
./Datasets/MSRA-TD500/train/IMG_1808.gt,0,0,540,763,456,84,-0.048314
./Datasets/MSRA-TD500/train/IMG_1808.gt,1,0,509,851,526,35,-0.045945
./Datasets/MSRA-TD500/train/IMG_1808.gt,2,0,94,311,1296,213,-0.033192
./Datasets/MSRA-TD500/train/IMG_1815.gt,0,0,266,156,912,322,-0.217161
./Datasets/MSRA-TD500/train/IMG_1815.gt,1,0,309,556,876,157,-0.205204
./Datasets/MSRA-TD500/train/IMG_1815.gt,2,0,138,867,1083,195,-0.185640
./Datasets/MSRA-TD500/train/IMG_1817.gt,0,0,273,508,1191,360,0.060117
./Datasets/MSRA-TD500/train/IMG_1822.gt,0,0,185,74,1150,237,-0.082126
./Datasets/MSRA-TD500/train/IMG_1822.gt,1,0,221,324,1135,135,-0.078620
./Datasets/MSRA-TD500/train/IMG_1823.gt,0,0,194,748,267,103,-0.137467
./Datasets/MSRA-TD500/train/IMG_1823.gt,1,0,702,599,843,137,-0.151821
./Datasets/MSRA-TD500/train/IMG_1824.gt,0,0,265,968,59,80,0.155595
./Datasets/MSRA-TD500/train/IMG_1824.gt,1,0,361,1021,312,47,0.155595
./Datasets/MSRA-TD500/train/IMG_1824.gt,2,0,688,1051,106,58,0.140483
./Datasets/MSRA-TD500/train/IMG_1824.gt,3,0,85,686,1136,170,0.196013
./Datasets/MSRA-TD500/train/IMG_1832.gt,0,0,370,260,229,192,-0.251444
./Datasets/MSRA-TD500/train/IMG_1832.gt,1,0,493,789,205,182,-0.307841
./Datasets/MSRA-TD500/train/IMG_1835.gt,0,0,492,223,774,196,0.220829
./Datasets/MSRA-TD500/train/IMG_1835.gt,1,0,500,647,590,88,0.176051
./Datasets/MSRA-TD500/train/IMG_1835.gt,2,0,261,795,971,153,0.161422
./Datasets/MSRA-TD500/train/IMG_1862.gt,0,0,720,249,169,462,0.572418
./Datasets/MSRA-TD500/train/IMG_1866.gt,0,0,111,718,1373,246,0.141790
./Datasets/MSRA-TD500/train/IMG_1866.gt,1,0,84,777,21,24,0.348771
./Datasets/MSRA-TD500/train/IMG_1872.gt,0,0,556,331,125,655,0.029044
./Datasets/MSRA-TD500/train/IMG_1872.gt,1,0,1030,311,173,711,0.036758
./Datasets/MSRA-TD500/train/IMG_1904.gt,0,0,101,242,1245,181,0.042424
./Datasets/MSRA-TD500/train/IMG_1904.gt,1,1,1278,0,319,33,0.065942
./Datasets/MSRA-TD500/train/IMG_1904.gt,2,0,44,967,1421,175,-0.007042
./Datasets/MSRA-TD500/train/IMG_1905.gt,0,0,477,523,758,226,-0.294617
./Datasets/MSRA-TD500/train/IMG_1905.gt,1,0,182,76,1125,405,-0.255943
./Datasets/MSRA-TD500/train/IMG_1916.gt,0,0,38,378,1275,55,-0.212025
./Datasets/MSRA-TD500/train/IMG_1920.gt,0,0,329,812,520,260,-0.381640
./Datasets/MSRA-TD500/train/IMG_1920.gt,1,0,949,91,634,216,-0.389709
./Datasets/MSRA-TD500/train/IMG_1922.gt,0,0,294,105,1006,197,-0.060743
./Datasets/MSRA-TD500/train/IMG_1922.gt,1,0,318,296,632,198,-0.099984
./Datasets/MSRA-TD500/train/IMG_1939.gt,0,0,861,425,253,605,-0.010169
./Datasets/MSRA-TD500/train/IMG_1941.gt,0,1,292,154,242,74,-0.079002
./Datasets/MSRA-TD500/train/IMG_1941.gt,1,0,467,774,823,259,0.126173
./Datasets/MSRA-TD500/train/IMG_1941.gt,2,0,461,1056,701,33,0.100095
./Datasets/MSRA-TD500/train/IMG_1946.gt,0,0,435,81,970,107,0.139117
./Datasets/MSRA-TD500/train/IMG_1946.gt,1,0,438,236,910,61,0.156602
./Datasets/MSRA-TD500/train/IMG_1946.gt,2,0,507,622,576,49,0.231489
./Datasets/MSRA-TD500/train/IMG_1947.gt,0,0,539,147,536,106,-0.499660
./Datasets/MSRA-TD500/train/IMG_1947.gt,1,0,386,324,836,114,-0.547484
./Datasets/MSRA-TD500/train/IMG_1947.gt,2,0,790,618,254,55,-0.595179
./Datasets/MSRA-TD500/train/IMG_1947.gt,3,0,525,712,743,63,-0.635603
./Datasets/MSRA-TD500/train/IMG_1947.gt,4,0,697,768,466,56,-0.668104
./Datasets/MSRA-TD500/train/IMG_1949.gt,0,0,352,385,829,190,-0.380955
./Datasets/MSRA-TD500/train/IMG_1949.gt,1,1,166,522,44,103,-0.395690
./Datasets/MSRA-TD500/train/IMG_1955.gt,0,0,505,331,1022,303,0.484889
./Datasets/MSRA-TD500/train/IMG_1957.gt,0,0,843,299,198,773,0.355312
./Datasets/MSRA-TD500/train/IMG_1960.gt,0,0,351,427,856,245,-0.556668
./Datasets/MSRA-TD500/train/IMG_1965.gt,0,0,606,750,532,79,-0.104184
./Datasets/MSRA-TD500/train/IMG_1965.gt,1,0,582,841,618,48,-0.112819
./Datasets/MSRA-TD500/train/IMG_1965.gt,2,0,644,942,583,76,-0.133245
./Datasets/MSRA-TD500/train/IMG_1966.gt,0,0,269,160,1174,111,-0.170558
./Datasets/MSRA-TD500/train/IMG_1971.gt,0,0,729,433,250,149,-0.614464
./Datasets/MSRA-TD500/train/IMG_1975.gt,0,0,1264,406,92,46,0.613556
./Datasets/MSRA-TD500/train/IMG_1975.gt,1,0,1457,846,29,44,0.594759
./Datasets/MSRA-TD500/train/IMG_1975.gt,2,0,655,398,70,446,0.712280
./Datasets/MSRA-TD500/train/IMG_1975.gt,3,0,792,553,81,344,0.695118
./Datasets/MSRA-TD500/train/IMG_1977.gt,0,0,163,253,1245,234,-0.004823
./Datasets/MSRA-TD500/train/IMG_1977.gt,1,0,233,698,1079,138,-0.011131
./Datasets/MSRA-TD500/train/IMG_1977.gt,2,0,70,959,589,177,-0.018291
./Datasets/MSRA-TD500/train/IMG_1977.gt,3,0,1016,934,556,178,-0.031240
./Datasets/MSRA-TD500/train/IMG_1983.gt,0,0,1016,543,354,103,-0.130450
./Datasets/MSRA-TD500/train/IMG_1983.gt,1,0,1044,675,354,100,-0.167511
./Datasets/MSRA-TD500/train/IMG_1986.gt,0,0,58,509,1239,317,0.320975
./Datasets/MSRA-TD500/train/IMG_1991.gt,0,0,297,497,1163,223,-0.708815
./Datasets/MSRA-TD500/train/IMG_1995.gt,0,0,522,395,667,239,-0.336014
./Datasets/MSRA-TD500/train/IMG_2011.gt,0,0,238,572,1339,212,-0.294873
./Datasets/MSRA-TD500/train/IMG_2011.gt,1,0,505,876,949,174,-0.276044
./Datasets/MSRA-TD500/train/IMG_2014.gt,0,0,711,578,214,134,0.072788
./Datasets/MSRA-TD500/train/IMG_2014.gt,1,0,678,770,302,139,0.014034
./Datasets/MSRA-TD500/train/IMG_2024.gt,0,0,17,456,1544,124,0.143094
./Datasets/MSRA-TD500/train/IMG_2029.gt,0,0,0,665,1615,383,-0.095909
./Datasets/MSRA-TD500/train/IMG_2031.gt,0,0,1194,884,338,150,0.078784
./Datasets/MSRA-TD500/train/IMG_2031.gt,1,0,1195,1074,282,95,0.068562
./Datasets/MSRA-TD500/train/IMG_2031.gt,2,0,76,902,932,246,0.034817
./Datasets/MSRA-TD500/train/IMG_2040.gt,0,0,1014,1082,467,39,-0.134439
./Datasets/MSRA-TD500/train/IMG_2046.gt,0,0,144,305,1368,481,-0.142428
./Datasets/MSRA-TD500/train/IMG_2049.gt,0,0,686,892,546,86,-0.046093
./Datasets/MSRA-TD500/train/IMG_2049.gt,1,0,387,528,1081,432,-0.046677
./Datasets/MSRA-TD500/train/IMG_2055.gt,0,0,772,555,221,92,-0.208465
./Datasets/MSRA-TD500/train/IMG_2055.gt,1,0,797,665,202,38,-0.205192
./Datasets/MSRA-TD500/train/IMG_2055.gt,2,0,1031,524,107,132,-0.254520
./Datasets/MSRA-TD500/train/IMG_2060.gt,0,0,435,557,677,185,0.106736
./Datasets/MSRA-TD500/train/IMG_2060.gt,1,0,303,827,889,84,0.115096
./Datasets/MSRA-TD500/train/IMG_2060.gt,2,0,293,974,875,100,0.110657
./Datasets/MSRA-TD500/train/IMG_2062.gt,0,0,179,644,1249,155,-0.133672
./Datasets/MSRA-TD500/train/IMG_2075.gt,0,0,561,59,682,149,-0.112203
./Datasets/MSRA-TD500/train/IMG_2075.gt,1,0,534,210,536,118,-0.144652
./Datasets/MSRA-TD500/train/IMG_2075.gt,2,0,500,369,621,148,-0.066238
./Datasets/MSRA-TD500/train/IMG_2075.gt,3,0,441,692,545,160,0.001965
./Datasets/MSRA-TD500/train/IMG_2075.gt,4,0,376,833,909,288,0.141430
./Datasets/MSRA-TD500/train/IMG_2077.gt,0,0,472,421,1245,86,-0.694629
./Datasets/MSRA-TD500/train/IMG_2077.gt,1,0,614,686,732,89,-0.708923
./Datasets/MSRA-TD500/train/IMG_2077.gt,2,0,648,668,1128,141,-0.703572
./Datasets/MSRA-TD500/train/IMG_2080.gt,0,0,385,608,636,67,0.201412
./Datasets/MSRA-TD500/train/IMG_2080.gt,1,0,708,721,358,79,0.282555
./Datasets/MSRA-TD500/train/IMG_2081.gt,0,0,629,858,818,146,-0.202541
./Datasets/MSRA-TD500/train/IMG_2081.gt,1,0,745,488,110,40,-0.169778
./Datasets/MSRA-TD500/train/IMG_2081.gt,2,1,852,477,13,13,-0.165149
./Datasets/MSRA-TD500/train/IMG_2081.gt,3,0,1410,62,184,385,-0.006270
./Datasets/MSRA-TD500/train/IMG_2081.gt,4,1,1500,405,113,76,-0.347767
./Datasets/MSRA-TD500/train/IMG_2083.gt,0,0,13,886,1180,148,0.163615
./Datasets/MSRA-TD500/train/IMG_2085.gt,0,0,109,609,505,88,-0.354419
./Datasets/MSRA-TD500/train/IMG_2085.gt,1,1,609,519,37,39,-0.286051
./Datasets/MSRA-TD500/train/IMG_2085.gt,2,0,148,540,1396,284,-0.330588
./Datasets/MSRA-TD500/train/IMG_2086.gt,0,0,485,299,210,487,-0.702377
./Datasets/MSRA-TD500/train/IMG_2086.gt,1,0,178,265,275,713,-0.640585
./Datasets/MSRA-TD500/train/IMG_2091.gt,0,0,472,671,1001,463,0.111209
./Datasets/MSRA-TD500/train/IMG_2091.gt,1,0,779,255,285,68,0.189720
./Datasets/MSRA-TD500/train/IMG_2091.gt,2,0,697,319,360,40,0.183622
./Datasets/MSRA-TD500/train/IMG_2093.gt,0,0,202,874,1349,303,0.052700
./Datasets/MSRA-TD500/train/IMG_2097.gt,0,0,750,262,175,753,-0.565397
./Datasets/MSRA-TD500/train/IMG_2100.gt,0,0,489,263,969,274,-0.295744
./Datasets/MSRA-TD500/train/IMG_2101.gt,0,0,667,93,448,284,0.443650
./Datasets/MSRA-TD500/train/IMG_2101.gt,1,0,557,507,969,294,0.459487
./Datasets/MSRA-TD500/train/IMG_2112.gt,0,0,330,378,1138,208,0.513745
./Datasets/MSRA-TD500/train/IMG_2112.gt,1,0,111,835,1128,112,0.425622
./Datasets/MSRA-TD500/train/IMG_2113.gt,0,0,482,559,724,141,0.355042
./Datasets/MSRA-TD500/train/IMG_2124.gt,0,0,154,323,1468,235,0.177476
./Datasets/MSRA-TD500/train/IMG_2127.gt,0,0,150,511,1412,288,-0.511063
./Datasets/MSRA-TD500/train/IMG_2130.gt,0,0,645,344,777,232,0.556166
./Datasets/MSRA-TD500/train/IMG_2130.gt,1,0,492,639,834,200,0.415168
./Datasets/MSRA-TD500/train/IMG_2163.gt,0,0,793,509,192,94,0.247507
./Datasets/MSRA-TD500/train/IMG_2163.gt,1,0,626,621,435,85,0.188763
./Datasets/MSRA-TD500/train/IMG_2165.gt,0,0,36,895,1129,116,0.026081
./Datasets/MSRA-TD500/train/IMG_2165.gt,1,0,1204,624,347,46,0.099961
./Datasets/MSRA-TD500/train/IMG_2172.gt,0,0,974,409,363,56,-0.183312
./Datasets/MSRA-TD500/train/IMG_2174.gt,0,0,669,436,355,117,-0.538952
./Datasets/MSRA-TD500/train/IMG_2184.gt,0,0,645,319,777,125,0.609087
./Datasets/MSRA-TD500/train/IMG_2184.gt,1,0,691,460,607,44,0.601509
./Datasets/MSRA-TD500/train/IMG_2184.gt,2,0,785,528,299,247,0.568525
./Datasets/MSRA-TD500/train/IMG_2184.gt,3,0,892,918,358,48,0.562811
./Datasets/MSRA-TD500/train/IMG_2205.gt,0,0,452,506,720,251,0.190831
./Datasets/MSRA-TD500/train/IMG_2208.gt,0,0,698,773,610,130,0.172474
./Datasets/MSRA-TD500/train/IMG_2213.gt,0,0,403,728,1067,227,-0.236975
./Datasets/MSRA-TD500/train/IMG_2213.gt,1,0,418,336,32,113,0.732115
./Datasets/MSRA-TD500/train/IMG_2222.gt,0,0,58,547,1383,170,-0.062190
./Datasets/MSRA-TD500/train/IMG_2222.gt,1,0,539,739,456,94,-0.058100
./Datasets/MSRA-TD500/train/IMG_2224.gt,0,0,738,772,560,59,0.226368
